Question,Answer
State,Karnataka
Mobile phone number, +91 9027499385
City,"Bengaluru, Karnataka, India"
First name,Vibhu
Street address line 1,"Surya Royal Homes 3 , HBSC Layout, Nagavara"
Cover letter,"As a BI developer working for big clients like BP/BPX , I enthusiastically apply for this opportunity.  Currently a PowerBi developer in Infosys serving BP/Bpx  My work included discussing requirements from clients , fetching data from different data sources like SQL servers / azure devops and making the power bi report according to the customer requirement.  I hope my experience will help the company grow"
Last name,Dhyani
Please submit a resume or LinkedIn profile,1838313397.pdf
ZIP / Postal Code,248001
