Saved Search Date,Jobs Search Url
"1/6/23, 2:30 AM",https://www.linkedin.com/jobs/search?keywords=business+intelligence+developer&distance=24%2E9999301285&orig=JOB_ALERT
"7/27/22, 11:56 PM",https://www.linkedin.com/jobs/search?keywords=software+engineer&orig=JOB_ALERT
"7/27/22, 11:56 PM",https://www.linkedin.com/jobs/search?keywords=software+engineer&orig=JOB_ALERT
"7/27/22, 11:56 PM",https://www.linkedin.com/jobs/search?keywords=software+engineer&distance=24%2E9999301285&orig=JOB_ALERT
"6/23/22, 4:13 AM",https://www.linkedin.com/jobs/search?keywords=system+engineer&f_JT=F&orig=JOB_ALERT
"6/23/22, 4:13 AM",https://www.linkedin.com/jobs/search?keywords=system+engineer&f_JT=F&orig=JOB_ALERT
"6/23/22, 4:13 AM",https://www.linkedin.com/jobs/search?keywords=system+engineer&f_JT=F&orig=JOB_ALERT
"3/3/21, 5:28 PM",https://www.linkedin.com/jobs/search?keywords=software+developer&orig=JOB_ALERT
